Date,Adj Close
2011-05-02,
2011-05-03,-0.009117523461858679
2011-05-04,0.011042869969553504
2011-05-05,-0.006068134592612573
2011-05-06,-0.007325701037758092
2011-05-09,-0.00984018303332812
2011-05-10,0.0
2011-05-11,0.018633480346852416
2011-05-12,0.0012196761423588498
2011-05-13,-0.004264310819674266
2011-05-16,0.0
2011-05-17,-0.015289419539895821
2011-05-18,-0.018633480346852527
2011-05-19,0.0018975154104041714
2011-05-20,0.006949906858503718
2011-05-23,-0.0037640239524330266
2011-05-24,-0.013225225148363662
2011-05-25,-0.029992546900019734
2011-05-26,0.034867255441660916
2011-05-27,0.004451236449335649
2011-05-30,0.009492534373835015
2011-05-31,0.003135884432223346
2011-06-01,0.012500025634462952
2011-06-02,0.012345573344282101
2011-06-03,0.01829275415690579
2011-06-06,0.0
2011-06-07,-0.0006000237043272127
2011-06-08,-0.006589573740079957
2011-06-09,0.031363089290022295
2011-06-10,0.002923255370159472
2011-06-13,0.008747043574937496
2011-06-14,-0.010404554465876847
2011-06-15,-0.013435518777533684
2011-06-16,-0.0053275630652541706
2011-06-17,-0.01785714623231871
2011-06-20,-0.018181885829639866
2011-06-21,0.024691408035530715
2011-06-22,-0.02108538328255516
2011-06-24,-0.0030759065580453493
2011-06-27,-0.012345704017765358
2011-06-28,0.015000030761355365
2011-06-29,0.011083798824423896
2011-06-30,-0.010354295622914123
2011-07-01,-0.0030759065580453493
2011-07-04,0.012345573344282101
2011-07-05,0.022560007156190665
2011-07-06,-0.0041731076605981965
2011-07-07,-0.01796414055018125
2011-07-08,-0.006097477152370523
2011-07-11,-0.046013256924553714
2011-07-12,0.025723415763144297
2011-07-13,-0.01253915790935023
2011-07-14,-0.047618036365200345
2011-07-15,-0.03333329569936938
2011-07-18,-0.04344929379139384
2011-07-19,0.06705225408843063
2011-07-20,-0.03310941044685334
2011-07-21,0.0020979780296639383
2011-07-22,0.03905138216221249
2011-07-25,-0.02483335012180765
2011-07-26,0.06263024915760562
2011-07-27,-0.03238345423191891
2011-07-28,-0.05287912609844858
2011-07-29,-0.028268640576925352
2011-08-01,0.017454525244149366
2011-08-02,-0.0007136826653494355
2011-08-03,-0.03791231113802429
2011-08-04,-0.08550069673191929
2011-08-05,-0.0373983173145187
2011-08-08,-0.07094625792779707
2011-08-09,0.018181858420619035
2011-08-10,0.00446290146999595
2011-08-11,0.11022242552956474
2011-08-12,0.05604489754410946
2011-08-15,0.014405922991385989
2011-08-16,-0.017937022849585205
2011-08-17,0.006088373118845469
2011-08-18,0.003780814595728099
2011-08-19,-0.032402729079071824
2011-08-22,-0.004672865609321564
2011-08-23,-0.004694886617746974
2011-08-24,-0.01729550864642293
2011-08-25,-0.01599994716191755
2011-08-26,-0.032520732382100626
2011-08-29,0.021007407765826214
2011-08-30,0.01646087308469446
2011-08-31,0.040485923298147375
2011-09-01,0.08715957134240049
2011-09-02,0.016465021990437645
2011-09-05,-0.0042253982009390345
2011-09-06,0.03889576310961296
2011-09-08,-0.006807336882080128
2011-09-09,-0.013021769450223042
2011-09-12,0.01041556870294369
2011-09-13,-0.02061851545321114
2011-09-14,-0.01754274678749168
2011-09-15,-0.0007154401866147353
2011-09-16,-0.013579868716587007
2011-09-19,0.00217259430969885
2011-09-20,-0.02385996841467619
2011-09-21,-0.029629612787268722
2011-09-22,-0.06946698375077276
2011-09-23,-0.007381759134312604
2011-09-26,0.006611759368838621
2011-09-27,0.025450110655488745
2011-09-28,-0.015210759139675623
2011-09-29,-0.012196500902268426
2011-09-30,-0.03374385768489141
2011-10-03,-0.04429284668903122
2011-10-04,-0.002675288266343556
2011-10-05,0.02323516263819303
2011-10-06,0.013101938353259346
2011-10-07,-0.034482919088035024
2011-10-10,0.03571445784829064
2011-10-11,0.004309098845845849
2011-10-13,0.028327385231742497
2011-10-14,0.021702662244714954
2011-10-17,-0.023694009522640003
2011-10-19,0.04184092821076879
2011-10-20,0.0016068139794855885
2011-10-21,0.0
2011-10-24,0.005614657185319061
2011-10-26,-0.009569650190695
2011-10-27,0.01449299940796367
2011-10-28,0.02777638470512067
2011-10-31,0.034750234883379694
2011-11-01,-0.044776060455813504
2011-11-03,0.027342465046579445
2011-11-04,-0.012167261267110319
2011-11-07,0.020015341509931117
2011-11-08,-0.015094311286599216
2011-11-09,-0.034481435724672105
2011-11-10,0.00793631392638905
2011-11-11,-0.06693038597118206
2011-11-14,-0.03881847992379828
2011-11-16,-0.029850803135410886
2011-11-17,0.004526363572534109
2011-11-18,0.0054052734528651225
2011-11-21,-0.059139771688518916
2011-11-22,-0.04857302071870939
2011-11-23,-0.01501324501767587
2011-11-24,0.016260088266991435
2011-11-25,-0.0030015675723162882
2011-11-28,0.03310103900769601
2011-11-29,0.0
2011-11-30,0.05825254391484358
2011-12-01,0.08164971002215182
2011-12-02,-0.025445335110175993
2011-12-05,-0.025238067558282173
2011-12-06,-0.026785441740206473
2011-12-07,-0.013762926261221997
2011-12-08,-0.032556846260009875
2011-12-09,0.014421452444828065
2011-12-12,-0.006633464896351526
2011-12-13,-0.007633603205745687
2011-12-14,-0.04327066735601959
2011-12-15,0.015076999275994263
2011-12-16,0.039603722785782614
2011-12-19,-0.033334590039068135
2011-12-20,0.023645193620936755
2011-12-21,-0.05678402090752843
2011-12-22,-0.07653204662603852
2011-12-23,0.027625844689621815
2011-12-26,0.01182647522508673
2011-12-27,-0.01593883221038661
2011-12-28,0.0
2011-12-29,0.0302374128703351
2012-01-02,-0.02515728713231158
2012-01-03,-0.0064513426905344895
2012-01-04,-0.009742140168784608
2012-01-05,-0.008742971671059752
2012-01-06,0.02756492588817605
2012-01-09,-0.009658177975860882
2012-01-10,-0.014082867663863907
2012-01-11,0.01648200887822937
2012-01-12,0.010810448353144153
2012-01-13,0.011766421255540838
2012-01-16,0.0
2012-01-17,0.01796879055920453
2012-01-18,-0.0031134904473426595
2012-01-19,0.007289779226097304
2012-01-20,0.006204835649625151
2012-01-23,0.002055343054313319
2012-01-24,-0.01538269471270759
2012-01-26,0.05208338157022263
2012-01-27,0.023762317509499198
2012-01-30,-0.03288212842439431
2012-01-31,0.0019998454655245634
2012-02-01,0.027944386509910935
2012-02-02,0.019417309113001213
2012-02-03,-0.030476054917099815
2012-02-06,-0.04224151286314215
2012-02-07,0.018461773952615834
2012-02-08,-0.006042371749495068
2012-02-09,0.0030411069552105374
2012-02-10,0.009089245109615396
2012-02-13,0.0
2012-02-14,-0.010010101431767282
2012-02-15,0.03134660161382086
2012-02-16,-0.013725364451091293
2012-02-17,0.013916371724851828
2012-02-23,0.09313577159944231
2012-02-24,0.04932892888727047
2012-02-27,0.004271997662351978
2012-02-28,-0.0017019985556343542
2012-02-29,0.010230033405903338
2012-03-01,-0.006750989500822868
2012-03-02,0.0169925925113239
2012-03-05,-0.014200913968796303
2012-03-06,-0.012713122861617854
2012-03-07,0.028327385231742497
2012-03-08,0.05175298481293389
2012-03-09,-0.022222267024558984
2012-03-12,-0.02191706865628762
2012-03-13,0.0
2012-03-14,-0.012446925635192674
2012-03-15,-0.02100927562858923
2012-03-16,-0.012874556186460273
2012-03-19,0.0
2012-03-20,0.008695901881363266
2012-03-21,-0.001724278261301171
2012-03-23,0.031088149678382138
2012-03-26,0.022611760555077298
2012-03-27,-0.0253880487503797
2012-03-28,-0.018487216169358556
2012-03-29,-0.005136861542075266
2012-03-30,0.029260002242613492
2012-04-02,0.031772592861959215
2012-04-03,0.0048617742538255015
2012-04-04,-0.004033227994238553
2012-04-05,-0.02671938780582539
2012-04-09,-0.029950233230000345
2012-04-10,0.011148004747980389
2012-04-11,-0.01696367644118668
2012-04-12,0.04831777961868711
2012-04-13,0.009876401888739617
2012-04-16,0.01874641627853002
2012-04-17,0.00799997358095883
2012-04-18,-0.0063493031542553036
2012-04-19,-0.015974390115853554
2012-04-20,-0.03165726256666468
2012-04-23,-0.03604236169482977
2012-04-24,-0.010434530020005717
2012-04-25,0.0017574262536694807
2012-04-26,-0.03508788381652583
2012-04-27,0.031816784831987466
2012-04-30,0.002644743274322625
2012-05-02,0.001306420172481726
2012-05-03,0.06063110116664583
2012-05-04,0.009942029858756474
2012-05-07,0.02543216751780486
2012-05-08,-0.01599987551893889
2012-05-09,0.012193478591929097
2012-05-10,-0.008031908236649787
2012-05-11,-0.0259108482145608
2012-05-14,-0.052367941352081226
2012-05-15,-0.10087872539845211
2012-05-16,0.0
2012-05-17,-0.05755928469057936
2012-05-18,-0.06936003900888033
2012-05-21,0.0
2012-05-22,0.006674278242690068
2012-05-23,0.01104965664301627
2012-05-24,-0.04917847280114307
2012-05-25,0.055172278464163726
2012-05-28,0.05446626505524654
2012-05-29,-0.0031007872144698245
2012-05-30,-0.02175998857262662
2012-05-31,-0.011654353359026315
2012-06-01,-0.03536853883547619
2012-06-04,-0.004444294104941404
2012-06-05,-0.006696378009830806
2012-06-06,0.022472214383243427
2012-06-08,0.00439533735067954
2012-06-11,0.03172703517467057
2012-06-12,0.04241800710561372
2012-06-13,-0.0010156746176407383
2012-06-14,0.008146360204150938
2012-06-15,0.015150012209743657
2012-06-18,0.0
2012-06-19,0.016917212962844097
2012-06-20,-0.022506680667210288
2012-06-21,-0.03703554389209485
2012-06-22,0.0
2012-06-25,-0.00727788058553136
2012-06-26,-0.03664754853583363
2012-06-27,-0.03260901162540186
2012-06-28,0.0
2012-06-29,0.05617994209607646
2012-07-02,-0.0031932638730592933
2012-07-03,0.0298828766414716
2012-07-04,0.005182848380159921
2012-07-05,-0.015465432527003609
2012-07-06,0.005237229969684565
2012-07-10,-0.020833390683278386
2012-07-11,-0.03404251395197444
2012-07-12,0.015418381938373749
2012-07-13,0.020605841172632422
2012-07-16,0.0
2012-07-17,-0.02656585689708335
2012-07-18,0.020740464290973204
2012-07-19,0.04064180687434127
2012-07-20,0.0010294812309796786
2012-07-23,-0.009241802140021793
2012-07-24,-0.042485576391695146
2012-07-25,-0.004328856250260249
2012-07-26,0.04782582268800373
2012-07-27,0.032156223305857434
2012-07-30,0.014070157325817068
2012-07-31,0.015857292850289806
2012-08-01,0.02634295320639013
2012-08-02,-0.005703278588865879
2012-08-03,0.017208584009517303
2012-08-06,0.04793066308851035
2012-08-07,-0.028699656407690344
2012-08-08,0.0
2012-08-09,-0.004615117474519592
2012-08-13,-0.025974214450733335
2012-08-14,0.062857165293007
2012-08-15,-0.015234278837078064
2012-08-16,-0.0036396493240198335
2012-08-17,0.012785499740026962
2012-08-20,-0.008114222880720723
2012-08-21,-0.016363606660721453
2012-08-22,-0.004622404171867767
2012-08-23,0.0009299714334367604
2012-08-24,0.02968456436385325
2012-08-27,0.04053898594396066
2012-08-28,0.012988578364871328
2012-08-29,-0.04701007482006925
2012-08-30,-0.01793710749541666
2012-08-31,0.031964907789209684
2012-09-03,0.0
2012-09-04,0.019468875384323736
2012-09-05,0.007811247620320927
2012-09-06,0.05598768292827283
2012-09-10,0.01957587697931973
2012-09-11,0.011998638150130247
2012-09-12,0.015021086779058779
2012-09-13,0.02647962818647387
2012-09-14,-0.02427902593561715
2012-09-17,0.023328049332321132
2012-09-18,-0.0265969051177819
2012-09-19,0.009367702950049406
2012-09-20,0.0054149573327360034
2012-09-21,0.0038449044343860095
2012-09-24,-0.0038301777669055292
2012-09-25,0.009230941865386422
2012-09-26,-0.02820268880334542
2012-09-27,-0.013332004596082303
2012-09-28,-0.027027154204786075
2012-10-01,-0.0032679490199952754
2012-10-02,-0.015574951426565176
2012-10-03,-0.016652682344891256
2012-10-04,0.05842638238584552
2012-10-05,0.02799868280094575
2012-10-08,-0.025679779805809044
2012-10-09,-0.022364298716034625
2012-10-10,0.06209163591593425
2012-10-11,-0.009230697925166509
2012-10-15,0.009316697545872499
2012-10-16,-0.010001142453363698
2012-10-17,-0.017869832691312593
2012-10-18,-0.011075946852916907
2012-10-19,-0.024000151542161396
2012-10-22,0.017211857116814056
2012-10-23,-0.02014389347130119
2012-10-24,-0.0032892749451534087
2012-10-25,-0.02062847250416444
2012-10-26,-0.03875309230284085
2012-10-29,0.0
2012-10-30,-0.009639307429203936
2012-10-31,0.0008834521388119132
2012-11-01,0.016800682884072993
2012-11-05,0.017391539342056728
2012-11-06,0.0059814133840223604
2012-11-07,-0.030586220780096762
2012-11-08,-0.0008750289167178682
2012-11-09,-0.018422578215146923
2012-11-12,-0.030384176698496135
2012-11-13,-0.013823725553905208
2012-11-14,-0.0018689472604778157
2012-11-16,-0.009363223593581438
2012-11-19,-0.007561577570363909
2012-11-21,0.0009510649067820953
2012-11-22,-0.005709013698032228
2012-11-23,0.023924814690543306
2012-11-26,0.011215165443028807
2012-11-27,-0.013864672411015522
2012-11-28,-0.015931133737135617
2012-11-29,0.052379544866061556
2012-11-30,0.018099528898155803
2012-12-03,0.019555620368657323
2012-12-04,-0.00784512393636938
2012-12-05,-0.033392026650902795
2012-12-06,0.011816937790214865
2012-12-07,0.024260123042463055
2012-12-10,0.005263209625977483
2012-12-11,-0.00960009666786421
2012-12-12,-0.003524299889877902
2012-12-13,-0.000882672340045354
2012-12-14,0.057520648261538465
2012-12-17,0.014227354607417197
2012-12-18,0.0008238550608170581
2012-12-19,-0.009067233228947535
2012-12-20,0.02578891862533217
2012-12-21,-0.025952881341575695
2012-12-26,0.034139407067690586
2012-12-27,-0.017713316474045615
2012-12-28,-0.0040994557973078605
2013-01-02,0.057613140797678764
2013-01-03,0.0412462666105855
2013-01-04,-0.005978869887883764
2013-01-07,-0.02330951975608131
2013-01-08,-0.006927303472643809
2013-01-09,-0.015503839761287996
2013-01-10,0.011809851133966154
2013-01-11,-0.018677003686767057
2013-01-14,0.027756993003182684
2013-01-15,-0.0007729039893542566
2013-01-16,-0.0193038336582515
2013-01-17,-0.023622282528175664
2013-01-18,-0.014515765628485888
2013-01-21,-0.005729567196443686
2013-01-22,-0.023045465124119424
2013-01-23,-0.009265665404261103
2013-01-24,-0.02210894229111504
2013-01-28,0.02173776962635543
2013-01-29,0.022980198046523848
2013-01-30,-0.01830268697374937
2013-01-31,0.01694910851027087
2013-02-01,0.04666647698058046
2013-02-04,0.0023873384710850765
2013-02-05,-0.05956977945909803
2013-02-06,-0.030405434361052253
2013-02-07,-0.005226716168676981
2013-02-08,-0.010507708590312581
2013-02-13,-0.015045534174695785
2013-02-14,0.01168149295168952
2013-02-15,-0.031085022844913435
2013-02-18,-0.023831199609647302
2013-02-19,0.03286522909660028
2013-02-20,-0.03363773870660225
2013-02-21,0.011288933430376069
2013-02-22,0.003720709784538423
2013-02-25,-0.01482845342738015
2013-02-26,-0.00940737823018456
2013-02-27,-0.023740237608169568
2013-02-28,-0.01361877767043651
2013-03-01,-0.01873898945980057
2013-03-04,-0.048241541082694295
2013-03-05,0.024289088350473387
2013-03-06,0.0051528556643543055
2013-03-07,-0.025639354890820254
2013-03-08,-0.0094751692682008
2013-03-11,0.02444361690714869
2013-03-12,0.02178252998242236
2013-03-13,-0.04365316485364701
2013-03-14,0.014861992894710463
2013-03-15,-0.01778405830273233
2013-03-18,-0.019169212542527903
2013-03-19,-0.0065148471532521235
2013-03-20,-0.003277051443908219
2013-03-21,0.01535099157516373
2013-03-22,-0.011880783942699757
2013-03-25,0.006557568711101913
2013-03-26,-0.03365770987088523
2013-03-27,0.0
2013-03-28,0.02921373617132872
2013-04-01,-0.008733671320100944
2013-04-02,0.029733821031050267
2013-04-03,0.0
2013-04-04,-0.0032068410800808467
2013-04-05,-0.018242017387738008
2013-04-08,-0.01092889609369363
2013-04-09,0.007736394905851318
2013-04-10,-0.014256131436997554
2013-04-11,-0.041155070379642056
2013-04-12,0.022039937541870724
2013-04-15,-0.03632250518174296
2013-04-16,0.015314097656795367
2013-04-17,-0.05452602542643814
2013-04-18,0.004907751623681955
2013-04-19,-0.0036611111215083536
2013-04-22,-0.025737170116041153
2013-04-23,-0.008802920137013004
2013-04-24,0.002538051148303744
2013-04-25,0.017721313365157476
2013-04-26,0.0
2013-04-29,-0.10323573889631443
2013-04-30,-0.0069325754440803244
2013-05-02,0.026534187900116857
2013-05-03,0.06530611100208761
2013-05-06,0.01787998253596279
2013-05-07,0.04140748731077237
2013-05-08,-0.024096387843825284
2013-05-09,0.0
2013-05-10,-0.012345778097945126
2013-05-13,-0.043751842034519206
2013-05-14,0.05359680926004384
2013-05-15,0.01860844172169851
2013-05-16,-0.05602935865337999
2013-05-17,0.06709693998185795
2013-05-20,0.07618088173329318
2013-05-21,0.02921373617132872
2013-05-22,-0.04257810462449174
2013-05-23,-0.01938282068260233
2013-05-24,0.01395369018241488
2013-05-27,0.01031926309317388
2013-05-28,0.01135085036138861
2013-05-29,-0.01795742059680072
2013-05-31,-0.06857144134263404
2013-06-03,0.0024539082374896992
2013-06-04,-0.01591016171778381
2013-06-05,0.02736336984797849
2013-06-06,0.030264379888408355
2013-06-07,-0.05052712515329005
2013-06-10,0.004950587987802013
2013-06-11,-0.016011876203325115
2013-06-12,-0.011261965371022531
2013-06-13,-0.015189821419360205
2013-06-14,-0.043701998576618495
2013-06-17,-0.022851489295559357
2013-06-18,-0.020630586138760454
2013-06-19,-0.01685402391556179
2013-06-20,-0.03857377419775232
2013-06-21,-0.072805974479211
2013-06-24,-0.040066585511374875
2013-06-25,-0.04173371561047645
2013-06-26,-0.026135422436031175
2013-06-27,0.007155695784832661
2013-06-28,-0.04440213214199651
2013-07-01,-0.029739939104271085
2013-07-02,-0.0804595641188034
2013-07-03,0.041666561142767566
2013-07-04,0.043999871882595354
2013-07-05,-0.044064208158609786
2013-07-08,-0.022041022026722867
2013-07-10,-0.04303613840352105
2013-07-11,0.07708803750974602
2013-07-12,0.051690368256059216
2013-07-15,0.05104264487528831
2013-07-16,0.035971136167616935
2013-07-17,0.07117808648061485
2013-07-18,-0.05834730062494309
2013-07-19,-0.005160393294636245
2013-07-22,0.03806216381776362
2013-07-23,-0.020000107469206774
2013-07-24,-0.04251982418769329
2013-07-25,-0.0035522869813033875
2013-07-26,0.0
2013-07-29,-0.003565233350279251
2013-07-30,-0.048297566358084465
2013-07-31,-0.039476652917748156
2013-08-01,-0.007827751406006112
2013-08-02,0.0
2013-08-05,0.005920050339401017
2013-08-06,-0.029414855459592104
2013-08-07,0.28889314567321
2013-08-08,-0.020378667844580978
2013-08-09,-0.02719774323381985
2013-08-12,-0.04605245714610584
2013-08-13,-0.027586175473416685
2013-08-14,0.08510618957258131
2013-08-15,-0.034316228303202134
2013-08-16,-0.02876206785040225
2013-08-19,0.012192079954586266
2013-08-20,-0.03614185687008853
2013-08-21,-0.01964534966085374
2013-08-22,0.02003902328005225
2013-08-23,0.057143080962175574
2013-08-26,-0.011827177662023347
2013-08-27,-0.052988840607665844
2013-08-28,0.007220160810764487
2013-08-29,0.007168782662389406
2013-08-30,0.021352142479280634
2013-09-02,0.02090594387838496
2013-09-03,0.015355625632316627
2013-09-04,-0.011762158028926217
2013-09-05,0.018704911422388726
2013-09-06,0.04340571486858136
2013-09-09,0.03199991678690561
2013-09-10,0.029460080306712877
2013-09-11,-0.015060362280344686
2013-09-12,0.024464724790938863
2013-09-13,0.0447762536271854
2013-09-16,0.02999773031044306
2013-09-17,0.05270458043330617
2013-09-18,0.002635240525671989
2013-09-19,-0.030221342914900085
2013-09-20,0.0
2013-09-23,0.028452913897367482
2013-09-24,0.0013198834374543722
2013-09-25,0.001313623258635488
2013-09-26,-0.007884456684244312
2013-09-27,0.0
2013-09-30,0.0
2013-10-01,0.013245238955300387
2013-10-02,-0.01568639074349354
2013-10-03,0.002655957204828807
2013-10-04,-0.002648921781936986
2013-10-07,0.015936374947962184
2013-10-08,0.03921559686397935
2013-10-09,0.03648003927271537
2013-10-10,0.043689176533976415
2013-10-11,-0.015117947077812888
2013-10-14,0.05194824644528473
2013-10-15,0.042648688543514
2013-10-16,0.0150699906114804
2013-10-17,0.023329993585801567
2013-10-18,-0.024870530116419598
2013-10-21,-0.0010611199949673855
2013-10-22,0.0
2013-10-23,-0.031914758432107004
2013-10-24,-0.032967121045903935
2013-10-25,0.02272685503008165
2013-10-28,0.04444482029320196
2013-10-29,-0.010638327780507328
2013-10-30,-0.03225838350836818
2013-10-31,0.05555584918739731
2013-11-01,-0.005264897821525616
2013-11-04,0.02751351183863804
2013-11-05,-0.03604378406171238
2013-11-06,0.009613502722700229
2013-11-07,0.04656090610109698
2013-11-08,0.013146221952211157
2013-11-11,-0.05988010117531484
2013-11-12,-0.06475752545422497
2013-11-13,-0.04086277333473154
2013-11-14,0.050889592258148264
2013-11-18,0.0270269369427818
2013-11-19,-0.032894659062222
2013-11-21,0.022675981145006796
2013-11-22,-0.015521292189793257
2013-11-25,-0.019145960172822107
2013-11-26,-0.0183696425668457
2013-11-27,-0.029237923491917006
2013-11-28,0.042166752431891386
2013-11-29,-0.02889997236937436
2013-12-02,-0.029763686027819647
2013-12-03,-0.03190210411331029
2013-12-04,-0.03675330160540968
2013-12-05,0.047368257440393746
2013-12-06,0.040201093779755004
2013-12-09,0.008452125453262127
2013-12-10,-0.05389031928261612
2013-12-11,-0.0012679537860550427
2013-12-12,-0.022813826264999948
2013-12-13,-0.02723514627451451
2013-12-16,-0.013333369978571707
2013-12-17,0.010810798070325367
2013-12-18,-0.01203432382225611
2013-12-19,0.021650974895717434
2013-12-20,-0.025163461834636802
2013-12-23,-0.004078353331090856
2013-12-26,-0.017733218078808566
2013-12-27,0.02777793275010243
2013-12-30,0.020268041167898376
2014-01-02,-0.04238414861235951
2014-01-03,0.033195055630299786
2014-01-06,0.05221109068577601
2014-01-07,0.025445297582884052
2014-01-08,0.019851225320889565
2014-01-09,-0.004866270473899759
2014-01-10,-0.0036692623999462493
2014-01-13,0.0061366837069936064
2014-01-14,0.006095709444811082
2014-01-15,0.0036383284587166997
2014-01-16,0.012077328298528034
2014-01-17,-0.025061551234922486
2014-01-20,0.008569757100831854
2014-01-21,-0.010924042026401182
2014-01-22,0.05521640488792001
2014-01-23,-0.01162781907777255
2014-01-24,-0.028235140348074728
2014-01-27,-0.007264057775119848
2014-01-28,-0.018294540745994126
2014-01-29,-0.038507452847829304
2014-01-30,0.020671948259627593
2014-01-31,0.0063269903753395695
2014-02-03,-0.03522032331114089
2014-02-04,-0.015645285327996916
2014-02-05,0.019869748569796508
2014-02-06,0.024673211329117706
2014-02-07,0.03929229469656437
2014-02-10,-0.03780677957208989
2014-02-11,0.013943762595906461
2014-02-12,-0.014999884052164791
2014-02-13,-0.031728053990196736
2014-02-14,0.015727442170606176
2014-02-17,0.00903432109059188
2014-02-18,0.002557525051106513
2014-02-19,-0.04846935232759275
2014-02-20,-0.03619515886898439
2014-02-21,0.04571628519162818
2014-02-24,-0.0107380717908645
2014-02-25,-0.0393468775192829
2014-02-26,-0.002824841622760532
2014-02-27,-0.0028328439582846476
2014-02-28,0.0
2014-03-05,-0.03267267294074583
2014-03-06,0.02790246307812949
2014-03-07,-0.011428427355475113
2014-03-10,-0.023121395157489233
2014-03-11,-0.032544486883366974
2014-03-12,-0.0382287496539645
2014-03-13,-0.05564130934617695
2014-03-14,0.010100858704357618
2014-03-17,0.0016640815866950653
2014-03-18,0.024960972338831988
2014-03-19,-0.02110636174967051
2014-03-20,0.019900514364048494
2014-03-21,0.0406531155713723
2014-03-24,0.004684893607532548
2014-03-25,-0.009331145211844416
2014-03-26,0.004712066463206543
2014-03-27,0.014059917900619112
2014-03-28,0.006163467454785687
2014-03-31,-0.007654573371599693
2014-04-01,0.016972658573549237
2014-04-02,0.047043784947056855
2014-04-03,0.005797065369429921
2014-04-04,0.007202189309796214
2014-04-07,0.020028761291024377
2014-04-08,-0.0028049646140213547
2014-04-09,0.004221712573816427
2014-04-10,-0.005602425602881822
2014-04-11,-0.004227575974882103
2014-04-14,-0.005657760700404135
2014-04-15,-0.02275966338100721
2014-04-16,0.013102864764680477
2014-04-17,0.01867590117995266
2014-04-22,-0.00705005313171303
2014-04-23,0.018371134772190878
2014-04-24,0.0
2014-04-25,0.002832814422312646
2014-04-28,0.03813329005548072
2014-04-29,0.020410398563611265
2014-04-30,0.013333458023278899
2014-05-02,0.04605051190759579
2014-05-05,0.0
2014-05-06,-0.018865898848116514
2014-05-07,0.0
2014-05-08,0.09615172147405548
2014-05-09,-0.0035069109488908845
2014-05-12,0.009389697790382678
2014-05-13,-0.029071685009951054
2014-05-14,0.0023951746680199726
2014-05-15,-0.0023894515142826034
2014-05-16,-0.013171731306118817
2014-05-19,-0.0012156375691404486
2014-05-20,0.02065821830418102
2014-05-21,0.04880742839962671
2014-05-22,0.0022702316793028476
2014-05-23,-0.020384928528959345
2014-05-26,-0.018497195157076707
2014-05-27,-0.0223773020026119
2014-05-28,0.030118426978356094
2014-05-29,-0.017542034224290126
2014-05-30,-0.03095223813501935
2014-06-02,-0.06265562313783635
2014-06-03,0.007863582192210394
2014-06-04,0.029911293072205636
2014-06-05,0.02525243152449974
2014-06-06,0.035712362193822234
2014-06-09,0.02615925734531599
2014-06-10,0.004635285177664761
2014-06-11,-0.019606302397542574
2014-06-13,0.005880557374568607
2014-06-16,0.02924168992091225
2014-06-17,0.05681829769562863
2014-06-18,-0.03440880607774632
2014-06-20,-0.023386984044686088
2014-06-23,0.020524448877054624
2014-06-24,0.016761951386814467
2014-06-25,-0.03296727335870908
2014-06-26,0.03409116615237151
2014-06-27,-0.010989166683101681
2014-06-30,0.021109385036865547
2014-07-01,0.022852716289566644
2014-07-02,0.0010620563975098918
2014-07-03,0.03719622134111633
2014-07-04,-0.010245943002027857
2014-07-07,-0.006211184103400491
2014-07-08,-0.01875001208721616
2014-07-10,-0.0021229976520996674
2014-07-11,0.003189570757601068
2014-07-14,-0.0031794297414716732
2014-07-15,-0.02340441360748924
2014-07-16,-0.0032697176016108775
2014-07-17,-0.00764835663307728
2014-07-18,-0.024229238276459952
2014-07-21,0.025957658239106562
2014-07-22,-0.00989925434188077
2014-07-23,0.00777627327263497
2014-07-24,0.005514187869264386
2014-07-25,-0.0021928329005685976
2014-07-28,-0.004395870694777204
2014-07-29,-0.017659980316069968
2014-07-30,-0.028091682019513287
2014-07-31,0.034681987530017055
2014-08-01,-0.010053990064943008
2014-08-04,-0.0033879276062431796
2014-08-05,0.010194479260724254
2014-08-06,-0.02466373183513615
2014-08-07,0.0
2014-08-08,-0.0011511846947208637
2014-08-11,0.02416760721175426
2014-08-12,-0.011236000631845378
2014-08-13,0.0
2014-08-14,0.006818186346725819
2014-08-15,0.010156099387281348
2014-08-18,0.005588584825988896
2014-08-19,0.0
2014-08-20,-0.004444714402201733
2014-08-21,-0.015624859701926841
2014-08-22,-0.019276105114048647
2014-08-25,0.024279305107014704
2014-08-26,0.01580144243619719
2014-08-27,0.00777627327263497
2014-08-28,-0.004410304067846482
2014-08-29,-0.0033206102859304476
2014-09-01,-0.0033353408258071093
2014-09-02,0.006689325481323394
2014-09-03,0.012183262141227669
2014-09-04,-0.005472174358454707
2014-09-05,-0.02090041786538488
2014-09-08,-0.022472001263690755
2014-09-09,-0.034482723871338106
2014-09-10,-0.029763684862642248
2014-09-11,0.012269885076847675
2014-09-12,-0.006058767077594118
2014-09-15,0.023168840473703822
2014-09-16,0.03456678842382499
2014-09-17,-0.020737284202125728
2014-09-18,0.007058950157722732
2014-09-19,0.011682350676567754
2014-09-22,-0.04734606080745496
2014-09-23,-0.006058767077594118
2014-09-24,-0.0036603001925401557
2014-09-25,-0.020806012525168338
2014-09-26,-0.0037519362914113508
2014-09-29,-0.08281075207699518
2014-09-30,0.036937924386216237
2014-10-01,0.006594223935819876
2014-10-02,0.03669725762809373
2014-10-03,-0.010113764034687889
2014-10-06,0.0498106054368852
2014-10-07,0.009732449856463932
2014-10-08,0.01204805427722988
2014-10-09,0.02976006253488417
2014-10-10,-0.06011585444996981
2014-10-13,-0.012300071972757731
2014-10-14,0.012453247817203916
2014-10-15,0.003692013434407393
2014-10-16,-0.023286079949439098
2014-10-17,-0.012547256202514068
2014-10-20,-0.01397496092764483
2014-10-21,-0.02190937795119119
2014-10-22,0.013175176673967393
2014-10-23,-0.07672097690288138
2014-10-24,0.03802594121301106
2014-10-27,0.0
2014-10-28,0.04341920121679688
2014-10-29,-0.010403038697820555
2014-10-30,0.03679370355237799
2014-10-31,0.045627567050273043
2014-11-03,0.04242624734762512
2014-11-04,-0.003490113384308935
2014-11-05,0.014002246791269712
2014-11-06,-0.020713455624570387
2014-11-07,0.009400566615637818
2014-11-10,-0.016297963293425033
2014-11-11,-0.020116583734060667
2014-11-12,-0.032610526294809206
2014-11-13,-0.013730960126750458
2014-11-14,-0.002531538640710207
2014-11-17,-0.013961515809374991
2014-11-18,0.03603611436876086
2014-11-19,0.031058141698190767
2014-11-21,0.0
2014-11-24,0.027708704279765017
2014-11-25,-0.044548546845264214
2014-11-26,-0.003679155749492402
2014-11-27,0.007389040542548964
2014-11-28,-0.0281191681881916
2014-12-01,-0.022641634524303678
2014-12-02,0.029603258196948534
2014-12-03,0.012499921836003569
2014-12-04,-0.03827352059787503
2014-12-05,0.007702136818141803
2014-12-08,-0.03694063017980642
2014-12-09,0.011902722701003787
2014-12-10,0.009152283409127548
2014-12-11,-0.010362656918377122
2014-12-12,-0.05759175062043487
2014-12-15,-0.008333053387397205
2014-12-16,0.018204812227300637
2014-12-17,0.017884075393082233
2014-12-18,0.0
2014-12-19,0.027026996889922383
2014-12-22,0.006576938412843569
2014-12-23,-0.011762714373603766
2014-12-26,0.003966073457664532
2014-12-29,0.018445396828287386
2014-12-30,-0.0025874180973957106
2015-01-02,-0.03372248853755255
2015-01-05,0.018792023152542248
2015-01-06,-0.013175244621573268
2015-01-07,0.03338004212398005
2015-01-08,-0.007752076410963982
2015-01-09,-0.03385401487694806
2015-01-12,0.010781562312816462
2015-01-13,-0.010666560130110248
2015-01-14,-0.016172517229745775
2015-01-15,0.008055565642340667
2015-01-16,0.008241735907872805
2015-01-19,-0.005449530294279525
2015-01-20,-0.041096056998519925
2015-01-21,0.007140664330832491
2015-01-22,-0.0042530378402334534
2015-01-23,0.004271203430044723
2015-01-26,-0.007090036758248597
2015-01-27,-0.028571403582117738
2015-01-28,-0.027943417194947084
2015-01-29,0.0363088441131072
2015-01-30,-0.007297193284642622
2015-02-02,0.00588243768001373
2015-02-03,-0.04093543827457469
2015-02-04,-0.010673331805331032
2015-02-05,-0.013865165175741323
2015-02-06,-0.048439988711860726
2015-02-09,-0.009852048782800882
2015-02-10,0.018244586659184936
2015-02-11,-0.05537447482386937
2015-02-12,0.01724144907587255
2015-02-13,0.032200517271898876
2015-02-18,0.004928579578841408
2015-02-19,0.039216005025955125
2015-02-20,-0.0015749565148193145
2015-02-23,0.01102609747561245
2015-02-24,0.028037548059577144
2015-02-25,-0.024242459848551445
2015-02-26,0.021739044322450995
2015-02-27,-0.08054970231707603
2015-03-02,0.004961587856535887
2015-03-03,-0.03289487044234696
2015-03-04,-0.05612512286410809
2015-03-05,-0.01081081329534872
2015-03-06,-0.029143842812348053
2015-03-09,-0.04878065590256697
2015-03-10,0.04339245312676576
2015-03-11,-0.0075613754141878875
2015-03-12,0.04762215740901632
2015-03-13,-0.0436364344738277
2015-03-16,-0.030418399579270616
2015-03-17,-0.011764277480367569
2015-03-18,-0.009923863027144209
2015-03-19,0.020039918290300607
2015-03-20,0.003929342205802211
2015-03-23,0.0
2015-03-24,-0.007827626281989852
2015-03-25,-0.013803574639783212
2015-03-26,-0.004000056734051238
2015-03-27,-0.006027306880198702
2015-03-30,0.018185176412723214
2015-03-31,0.009917181858968283
2015-04-01,0.029472923262806372
2015-04-02,0.04961825185981428
2015-04-06,-0.0018210372426280541
2015-04-07,-0.010929243085514018
2015-04-08,-0.06813697601731106
2015-04-09,-0.009884538882006133
2015-04-10,0.011976155228699437
2015-04-13,-0.005913991966212895
2015-04-14,-0.001987343842878353
2015-04-15,0.00795232318478356
2015-04-16,0.025644137465771655
2015-04-17,-0.013464625690018828
2015-04-20,-0.011695812212993872
2015-04-22,0.005919929203974439
2015-04-23,-0.001963764100611498
2015-04-24,0.013755754911126461
2015-04-27,0.015503900496286471
2015-04-28,-0.013863472279627698
2015-04-29,-0.019762976976006374
2015-04-30,0.014109634519369862
2015-05-04,0.04572882449507598
2015-05-05,0.03611890375485549
2015-05-06,0.01834870879490591
2015-05-07,-0.01081080594497108
2015-05-08,-0.08560770436123577
2015-05-11,-0.0059792612785906085
2015-05-12,-0.0020008041662862297
2015-05-13,-0.004016051364366002
2015-05-14,-0.03629020560904306
2015-05-15,0.016736241178634703
2015-05-18,-0.008230323648485194
2015-05-19,-0.018675661377416275
2015-05-20,-0.023252544529396513
2015-05-21,0.004329098891463934
2015-05-22,-0.015089819018215378
2015-05-25,-0.00875252041365615
2015-05-26,-0.03310917118604706
2015-05-27,0.0045660808777241435
2015-05-28,-0.0022762399472786576
2015-05-29,-0.02505342823238954
2015-06-01,0.009345647118039313
2015-06-02,-0.016207469487179216
2015-06-03,-0.03294119970461262
2015-06-05,-0.004866183597781348
2015-06-08,-0.007331120920711531
2015-06-09,0.004926031389937302
2015-06-10,-0.017160667419901632
2015-06-11,-0.0074772536836053005
2015-06-12,-0.01759189917044024
2015-06-15,-0.007668679124740452
2015-06-16,-0.005154622582145052
2015-06-17,0.012949313640688409
2015-06-18,-0.017898929883405246
2015-06-19,0.0156251453503784
2015-06-22,0.012816370848751424
2015-06-23,-0.03290743322362355
2015-06-24,-0.02880016217338488
2015-06-25,-0.035036296812755
2015-06-26,0.0
2015-06-29,-0.016759723911682345
2015-06-30,0.002836429177729416
2015-07-01,-0.02266291838572565
2015-07-02,-0.03187982757539598
2015-07-03,-0.02695073694186756
2015-07-06,-0.018461569679220746
2015-07-07,-0.025078648032221262
2015-07-08,-0.04179574707546474
2015-07-10,0.016773274282323447
2015-07-13,-0.026402694681496253
2015-07-14,-0.010164178327207618
2015-07-15,-0.05137534216950046
2015-07-16,-0.046925845057136706
2015-07-17,-0.03409723041613444
2015-07-20,-0.04313112483808246
2015-07-21,0.14754102724256613
2015-07-22,0.0892800746828708
2015-07-23,0.17377648460212414
2015-07-24,-0.15083793386331268
2015-07-27,-0.0822420840103184
2015-07-28,0.02509548836501363
2015-07-29,-0.038467004082123224
2015-07-30,-0.003630740682908029
2015-07-31,0.31021306518131464
2015-08-03,-0.06963380013553244
2015-08-04,0.029940252322816496
2015-08-05,-0.049423239415550824
2015-08-06,-0.04281360400206502
2015-08-07,-0.03194910005137275
2015-08-10,0.003305613153069098
2015-08-11,0.02960007369081108
2015-08-12,-0.04791862214128928
2015-08-13,-0.03355677525088285
2015-08-14,-0.010422355997850685
2015-08-17,0.03508797763327909
2015-08-18,0.07119226481582697
2015-08-19,-0.05696223144793333
2015-08-20,0.006711472405592334
2015-08-21,-0.05000525411340462
2015-08-24,-0.042105625749566555
2015-08-25,-0.02563523989024863
2015-08-26,0.007518960804601793
2015-08-27,0.0074624751086160845
2015-08-28,-0.018524473954899534
2015-08-31,-0.037736147857241
2015-09-01,-0.027444701657806547
2015-09-02,-0.004038691502631808
2015-09-03,0.04048585984931852
2015-09-04,-0.04279557018332958
2015-09-08,-0.03252022613547534
2015-09-09,0.021001829832888452
2015-09-10,-0.012339346101213233
2015-09-11,-0.04999994795846252
2015-09-14,-0.043859509768743865
2015-09-15,-0.03669746952133068
2015-09-16,0.05714315622239563
2015-09-17,0.027026823270584144
2015-09-18,-0.09649119539405027
2015-09-21,-0.029126119996941813
2015-09-22,-0.045008156884972395
2015-09-23,-0.005227193780021899
2015-09-24,0.026307290413903672
2015-09-25,-0.03588948298214989
2015-09-28,-0.04255325509829866
2015-09-29,-0.011111076416752796
2015-09-30,0.01123591957779424
2015-10-01,-0.08680868455299617
2015-10-02,-0.011408215300980573
2015-10-05,0.07691859529369549
2015-10-06,0.036425430147686955
2015-10-07,0.0723724491148594
2015-10-08,0.026982166050599332
2015-10-09,-0.03566115403787695
2015-10-13,-0.09603789889404934
2015-10-14,-0.0272908188780685
2015-10-15,-0.007368126703727662
2015-10-16,-0.038676113264980216
2015-10-19,-0.013918896633415723
2015-10-20,-0.019596765376978853
2015-10-21,-0.039997653079226425
2015-10-22,0.0
2015-10-23,-0.013333207878538866
2015-10-26,0.04728642388702786
2015-10-27,0.04032044914064903
2015-10-28,-0.048065243285891235
2015-10-29,-0.04234068123879653
2015-10-30,0.003396033941476917
2015-11-03,-0.03983255211195669
2015-11-04,0.03796005817852399
2015-11-05,0.002546961731084263
2015-11-06,-0.03986628690380012
2015-11-09,-0.02295412819904208
2015-11-10,-0.05064480930004134
2015-11-11,0.0057296754919029524
2015-11-12,-0.024630403436330495
2015-11-13,0.02912949593318004
2015-11-16,-0.018861852472496166
2015-11-17,0.05671386657294697
2015-11-18,-0.0445852819054553
2015-11-19,-0.0009509649253530705
2015-11-23,-0.015252782812729015
2015-11-24,0.0377687387679404
2015-11-25,-0.0466626997043047
2015-11-26,0.03426764565379736
2015-11-27,-0.05393688598781965
2015-11-30,-0.11699341670409547
2015-12-01,-0.0939928908370512
2015-12-02,0.009983979744271787
2015-12-03,0.07303054989187041
2015-12-04,-0.07612107253800138
2015-12-07,0.047428664523232245
2015-12-08,-0.05245166332286322
2015-12-09,0.020126356660565392
2015-12-10,0.04810734544893602
2015-12-11,-0.05529609627316712
2015-12-14,-0.02493062348863484
2015-12-15,0.12391691271966265
2015-12-16,0.043170894104598734
2015-12-17,0.15468914238680287
2015-12-18,-0.009442944958306332
2015-12-21,-0.038083704326704826
2015-12-22,0.07723118534875062
2015-12-23,0.08454119434766505
2015-12-28,0.37289807360072413
2015-12-29,0.10802626493667478
2015-12-30,-0.016715086585279648
2016-01-04,0.016999230189784997
2016-01-05,0.010025956935868052
2016-01-06,-0.0865997261977196
2016-01-07,-0.13285512677626665
2016-01-08,0.00418937911295969
2016-01-11,0.0
2016-01-12,-0.05686326533624353
2016-01-13,-0.006625927820917976
2016-01-14,0.05032875791774405
2016-01-15,0.014811684150257243
2016-01-18,-0.013902029377100944
2016-01-19,-0.021129438967744885
2016-01-20,-0.007182692183274497
2016-01-21,-0.0072534820377521125
2016-01-22,-0.06934503813186121
2016-01-26,0.004718549631212765
2016-01-27,0.013269763189148742
2016-01-28,-0.010019248066032826
2016-01-29,0.10116543685569845
2016-02-01,0.02825971485293599
2016-02-02,-0.03779356543343526
2016-02-03,0.03571235357521085
2016-02-04,0.003442720691358536
2016-02-05,-0.0501626658394595
2016-02-10,-0.027489757433407203
2016-02-11,-0.05803798214157607
2016-02-12,0.20300063030094861
2016-02-15,0.13919566907209613
2016-02-16,0.09682287836266545
2016-02-17,-0.10930254513430948
2016-02-18,0.05192587276564198
2016-02-19,0.009533623563763971
2016-02-22,0.014449828059125425
2016-02-23,0.039970262608787444
2016-02-24,0.0005256489870759662
2016-02-25,-0.014726952330646359
2016-02-26,0.014947077224412908
2016-02-29,0.03685077539559689
2016-03-01,0.055839512983199
2016-03-02,0.06297835373393323
2016-03-03,0.13794622218024366
2016-03-04,0.005565814079538267
2016-03-07,-0.0007892484020326496
2016-03-08,-0.011473615261916925
2016-03-09,0.06842065152921495
2016-03-10,0.01685581468872832
2016-03-11,-0.005157805758594147
2016-03-14,0.03666117356626275
2016-03-15,-0.013220522999881634
2016-03-16,0.033660904338995934
2016-03-17,0.0017479735723693324
2016-03-18,-0.0387984063297534
2016-03-21,0.08582099151118672
2016-03-22,0.028129400583365882
2016-03-23,0.029319333965967642
2016-03-24,0.0
2016-03-28,-0.05632846102494793
2016-03-29,0.013409662170308145
2016-03-30,0.005963751547825025
2016-03-31,-0.037835859341664335
2016-04-01,0.014362310699407743
2016-04-04,-0.026290209012573618
2016-04-05,-0.020079575106918823
2016-04-06,-0.028611382687726117
2016-04-07,-0.009085793159098077
2016-04-08,0.042200132664461876
2016-04-11,0.010212969331115929
2016-04-12,0.013589680257322101
2016-04-13,-0.018566160023013256
2016-04-14,0.0020990217005807388
2016-04-15,-0.0034911348944952625
2016-04-18,0.007015355894560038
2016-04-19,0.0020872503512521234
2016-04-20,0.010085360381237418
2016-04-22,-0.007226450592253464
2016-04-25,-0.007287436712441586
2016-04-26,0.012929574672736699
2016-04-27,0.19172670937912217
2016-04-28,-0.0627924517566274
2016-04-29,-0.011112630941118806
2016-05-02,0.08960396410246174
2016-05-03,-0.01175114655876619
2016-05-04,-0.0707434293138749
2016-05-05,-0.11076323226002316
2016-05-06,0.19297918883163812
2016-05-09,0.03088601886915332
2016-05-10,-0.0014315468265991838
2016-05-11,0.008572132336475358
2016-05-12,-0.022662809652167826
2016-05-13,-0.025214298424631965
2016-05-16,0.013382312201421387
2016-05-17,0.0038086780769859274
2016-05-18,0.01812422226581334
2016-05-19,-0.009761029095353146
2016-05-20,0.014785868939952707
2016-05-23,-0.03571596192797499
2016-05-24,0.024007199246537603
2016-05-25,-0.016207469487179216
2016-05-27,-0.011760952481040476
2016-05-30,0.025889565356203237
2016-05-31,0.00841450522952747
2016-06-01,-0.0267561216484421
2016-06-02,0.023647531871044736
2016-06-03,0.010393649895982682
2016-06-06,0.06602356736208215
2016-06-07,0.020102690795438916
2016-06-08,0.0
2016-06-09,-0.009459784518843883
2016-06-10,-0.023881467210291496
2016-06-13,-0.046204334703012995
2016-06-14,-0.007412245262443551
2016-06-15,-0.0011466013345650117
2016-06-16,-0.025585280553941492
2016-06-17,0.05310317962609612
2016-06-20,0.030813375488123906
2016-06-21,0.023909598702781087
2016-06-22,-0.0034514854625307123
2016-06-23,0.010655885324485581
2016-06-24,-0.025033311890712562
2016-06-27,-0.0002698377754305481
2016-06-28,0.027302462820840256
2016-06-29,0.006581998944423129
2016-06-30,0.006532272078144441
2016-07-01,0.012986297080816112
2016-07-04,0.006412828321181507
2016-07-05,-0.002550110179260212
2016-07-06,-0.0038316268886448013
2016-07-07,0.015386176268487262
2016-07-08,0.05555727135463351
2016-07-11,-0.003827840591326903
2016-07-12,0.0038425492573483933
2016-07-13,0.004783151343654923
2016-07-14,0.015475903517575995
2016-07-15,-0.002106826071490042
2016-07-18,-0.0007097682631975744
2016-07-19,0.01105151138221383
2016-07-20,0.0034886551551798206
2016-07-21,-0.003476526752203557
2016-07-22,0.0006965598735224621
2016-07-25,0.0499686004591644
2016-07-26,0.0028785266020214806
2016-07-27,-0.0059607892534842
2016-07-28,-0.021757721241021044
2016-07-29,0.04403018807540726
2016-08-01,0.0
2016-08-02,-0.04673685512916448
2016-08-03,0.01254044643752339
2016-08-04,0.1261264294301363
2016-08-05,0.0600013157464554
2016-08-08,0.0009419615635037903
2016-08-09,0.06503521365780163
2016-08-10,0.030085657974905367
2016-08-11,0.013745775028880747
2016-08-12,0.016440408110149685
2016-08-15,-0.00867000535639706
2016-08-16,0.04524922013661059
2016-08-17,0.017059769589299334
2016-08-18,-0.02215283913408539
2016-08-19,-0.008090208534965004
2016-08-22,0.00815619384401467
2016-08-23,0.017799894518281345
2016-08-24,0.0
2016-08-25,-0.018123574435378598
2016-08-26,0.005181330384751881
2016-08-29,0.013208334079083173
2016-08-30,-0.0294136522768621
2016-08-31,-0.009007037312558808
2016-09-01,0.045618582053429835
2016-09-02,0.039359216178140644
2016-09-05,0.0035001671363241726
2016-09-06,0.0018197597645730479
2016-09-08,-0.003028612918502205
2016-09-09,-0.00015144185748627859
2016-09-12,-0.002882805130440813
2016-09-13,-0.05631636009736862
2016-09-14,-0.006936636631158177
2016-09-15,0.0079580972518134
2016-09-16,0.0070910105654480304
2016-09-19,0.027201643535214703
2016-09-20,0.018689553558805194
2016-09-21,0.06590230387485008
2016-09-22,0.010330792451315629
2016-09-23,-0.011642393662244954
2016-09-26,0.02183403806832107
2016-09-27,0.044567018648575596
2016-09-28,0.009419955872803198
2016-09-29,0.0018669852169559409
2016-09-30,0.018101445070932254
2016-10-03,0.017123612238310715
2016-10-04,0.015292088506195789
2016-10-05,0.024683324450994082
2016-10-06,0.022238208327367337
2016-10-07,0.027190162183288624
2016-10-10,0.0647047776339873
2016-10-11,-0.0014370802204324296
2016-10-13,-0.02069065500888656
2016-10-14,0.028020979854097794
2016-10-17,-0.010771055844979505
2016-10-18,0.011110290041177695
2016-10-19,0.010878581405507903
2016-10-20,0.00011131429421529226
2016-10-21,0.011085965125229524
2016-10-24,0.05590062859054035
2016-10-25,-0.15495826840875326
2016-10-26,-0.16264977160462324
2016-10-27,0.3092077984768935
2016-10-28,-0.04396099259377961
2016-10-31,0.06288025632435024
2016-11-01,-0.0038927083605305723
2016-11-03,-0.001084125575608108
2016-11-04,0.008804145748323666
2016-11-07,0.012820649742656842
2016-11-08,0.00968176919594943
2016-11-09,0.032451287863085376
2016-11-10,-0.03224901489373644
2016-11-11,-0.0010527470172799758
2016-11-14,-0.027764632816798196
2016-11-16,-0.0053202089131074715
2016-11-17,0.0016375476312844306
2016-11-18,0.016784013725001934
2016-11-21,0.028401461840199538
2016-11-22,0.005941668675826017
2016-11-23,0.019372435646752395
2016-11-24,-0.010061422105100859
2016-11-25,0.0
2016-11-28,0.008315882566708677
2016-11-29,0.029937694544306837
2016-11-30,0.028176372501758307
2016-12-01,-0.033654047545352284
2016-12-02,-0.014926999510920025
2016-12-05,-0.012119985311163983
2016-12-06,0.04243392072014851
2016-12-07,0.003922226015373065
2016-12-08,0.029701876115959314
2016-12-09,0.007685727025966926
2016-12-12,-0.02533013087815117
2016-12-13,0.017295007001637774
2016-12-14,-0.02174907166652451
2016-12-15,0.0304835283503766
2016-12-16,0.008006841276040122
2016-12-19,-0.020558998694130803
2016-12-20,-0.010020118953301904
2016-12-21,0.025735575677736877
2016-12-22,-0.006297668926582567
2016-12-23,0.00047447574474257515
2016-12-26,0.0018896741858991373
2016-12-27,-0.01037771519987063
2016-12-28,0.01172642467494689
2016-12-29,0.00037621742489979404
2017-01-02,-0.04200847288925402
2017-01-03,-0.0030478766797077395
2017-01-04,-0.053252860291305715
2017-01-05,0.03437339243697446
2017-01-06,-0.006445185933531605
2017-01-09,-0.045509761687064554
2017-01-10,0.023786984900539654
2017-01-11,0.011306275072210603
2017-01-12,0.06666766688991332
2017-01-13,0.019229555708373036
2017-01-16,-0.019716716239489784
2017-01-17,0.020113284155834465
2017-01-18,0.0051877641372284344
2017-01-19,0.00797896742536186
2017-01-20,0.11638719138919718
2017-01-23,0.04253581079828783
2017-01-24,0.043520008226356266
2017-01-26,-0.02238546437637401
2017-01-27,-0.02533084942261865
2017-01-30,-0.06187146284805878
2017-01-31,0.0976842437505665
2017-02-01,-0.007734656393179606
2017-02-02,0.0
2017-02-03,0.0
2017-02-06,0.09440991779377872
2017-02-07,0.007267787099444867
2017-02-08,-0.021429073882143546
2017-02-09,0.0
2017-02-10,0.009343274006161195
2017-02-13,0.09921926728427133
2017-02-14,-0.016447737238407423
2017-02-15,0.030099929945202053
2017-02-16,0.012987708667632214
2017-02-17,0.0483973383426437
2017-02-20,0.07612362480343515
2017-02-21,0.0880670923006015
2017-02-22,0.011332278652735894
2017-02-23,0.058914114239845716
2017-02-24,0.014774883547687079
2017-03-01,0.0331072958841272
2017-03-02,-0.07906936797865605
2017-03-03,-0.015101575438478343
2017-03-06,5.1156342390390463e-05
2017-03-07,-0.05086655968651943
2017-03-08,-0.04916156706478858
2017-03-09,0.05392006092561674
2017-03-10,-0.07811802543794488
2017-03-13,-0.005497345193637426
2017-03-14,0.01728901921470083
2017-03-15,0.01554950569161595
2017-03-16,0.1153158430945187
2017-03-17,-0.06149468768145683
2017-03-20,0.06313103762077632
2017-03-21,-0.058870451920955524
2017-03-22,-0.008914144352053954
2017-03-23,0.03641211848324866
2017-03-24,-0.03650758392289888
2017-03-27,-0.003295146171465646
2017-03-28,-0.026721379473025997
2017-03-29,0.020945033405605162
2017-03-30,0.003604225717305898
2017-03-31,-0.021547779886630702
2017-04-03,0.03325829019910298
2017-04-04,0.004371463627808048
2017-04-05,0.016540670182761286
2017-04-06,0.006263434067464546
2017-04-07,-0.0023937370471052155
2017-04-10,-0.013596546261587017
2017-04-11,0.012485975583883757
2017-04-12,-0.04185590496905667
2017-04-13,-0.041565854165640403
2017-04-17,0.1031322786139568
2017-04-18,0.03762897060187709
2017-04-19,0.046269575228811144
2017-04-20,0.03980540977827962
2017-04-24,-0.01960735141331993
2017-04-25,-0.0023810219849421665
2017-04-26,0.01274577885359407
2017-04-27,0.051340699211922525
2017-04-28,0.003648843254836054
2017-05-02,0.027784522098393216
2017-05-03,0.0044542229031878655
2017-05-04,-0.013043879457764418
2017-05-05,0.14096944457488236
2017-05-08,0.015443981054508615
2017-05-09,0.03125534035607225
2017-05-10,0.03237255954604423
2017-05-11,-0.058929548321875025
2017-05-12,0.00569319938810775
2017-05-15,0.02830209012177387
2017-05-16,0.034862002239127055
2017-05-17,-0.005177141908051519
2017-05-18,-0.16233032681394655
2017-05-19,0.05744751561724315
2017-05-22,-0.10712330063354492
2017-05-23,0.09018387677178064
2017-05-24,0.032205222187955185
2017-05-25,-0.0038052119896483383
2017-05-26,0.02520803990272502
2017-05-29,0.0
2017-05-30,0.019608659104999315
2017-05-31,-0.03461618550455192
2017-06-01,-0.013465933087024928
2017-06-02,-0.024715031296394407
2017-06-05,-0.018674888412605783
2017-06-06,4.222580332235992e-05
2017-06-07,0.052700276449858086
2017-06-08,0.03094294811640208
2017-06-09,-0.020255226730785614
2017-06-12,-0.014644084403806379
2017-06-13,0.029640533139786873
2017-06-14,0.005202725138006681
2017-06-15,0.0
2017-06-16,0.007781740577983864
2017-06-19,-0.007721652679994917
2017-06-20,-0.04330778048391093
2017-06-21,-0.003537925544642939
2017-06-22,-0.024490541234311713
2017-06-23,0.02380819246734589
2017-06-26,0.02578723363860469
2017-06-27,-0.01992007074229274
2017-06-28,-0.02032494508624394
2017-06-29,0.031037641217692924
2017-06-30,0.030264014345206647
2017-07-03,0.01562501650768433
2017-07-04,0.0
2017-07-05,0.0
2017-07-06,-0.0023079823034700686
2017-07-07,0.10057833035208574
2017-07-10,0.04318860599465224
2017-07-11,0.020716900086946266
2017-07-12,0.036218622641019715
2017-07-13,-0.041269728071261724
2017-07-14,0.046357839873642614
2017-07-17,0.04443006993042209
2017-07-18,0.04229821857026517
2017-07-19,0.0031969822219373167
2017-07-20,0.009504968606901754
2017-07-21,-0.03811921031595833
2017-07-24,-0.0002987250063500868
2017-07-25,0.03406026758979319
2017-07-26,-0.0076792467994718505
2017-07-27,0.012422162470777431
2017-07-28,0.053473782607169174
2017-07-31,0.0006822398922441408
2017-08-01,0.009457597486808744
2017-08-02,0.004131366207561937
2017-08-03,0.0015057324873464228
2017-08-04,0.055203818765985346
2017-08-07,0.017811869235832667
2017-08-08,-0.014050576060015807
2017-08-09,0.028120558749860303
2017-08-10,-0.021950100580758303
2017-08-11,0.04387647749983081
2017-08-14,0.0765514315807323
2017-08-15,0.01929734337383504
2017-08-16,0.0786773064521451
2017-08-17,-0.07959211609564887
2017-08-18,0.0155211415805101
2017-08-21,0.032751331676333706
2017-08-22,-0.010634627323875656
2017-08-23,-0.010427803486994791
2017-08-24,0.030253150780109372
2017-08-25,0.0035006305123141956
2017-08-28,0.031789678031215685
2017-08-29,0.004069185820806176
2017-08-30,0.03830602829188101
2017-08-31,0.10291303813523744
2017-09-01,-0.006796279994635612
2017-09-04,0.10219157520673594
2017-09-05,0.05501846332716531
2017-09-06,0.041585267779622015
2017-09-07,0.0
2017-09-08,-0.07598629146808089
2017-09-11,-0.007856184510166786
2017-09-12,-0.1185183537114457
2017-09-13,0.047522498537439395
2017-09-14,0.13416304906558518
2017-09-15,0.0145121062756286
2017-09-18,-0.023320202889972497
2017-09-19,-0.02953856004574107
2017-09-20,-0.04248540550334545
2017-09-21,0.008344176745332721
2017-09-22,-0.014186186818769486
2017-09-25,-0.043304331217468794
2017-09-26,0.030500972741091426
2017-09-27,-0.07676708621539918
2017-09-28,0.035719700683776834
2017-09-29,0.048904648752502
2017-10-02,0.049454378935710475
2017-10-03,0.014252384130433615
2017-10-04,0.0064568639073634415
2017-10-05,-0.013836382458539687
2017-10-06,0.01658131363745352
2017-10-09,-0.02396479782624361
2017-10-10,0.023524889490765366
2017-10-11,-0.03290626188293888
2017-10-12,0.0
2017-10-13,-0.055844291621176434
2017-10-16,-0.04676722567390634
2017-10-17,-0.0793652697662609
2017-10-18,0.1084639983093012
2017-10-19,-0.010322743781067678
2017-10-20,0.03514815025288409
2017-10-23,-0.04485849470412617
2017-10-24,-0.005780192663892514
2017-10-25,0.0002905569119246998
2017-10-26,-0.04562620406520501
2017-10-27,-0.025578532413020993
2017-10-30,-0.011719042040356564
2017-10-31,0.007905211911143128
2017-11-01,0.050823389774928174
2017-11-02,0.0
2017-11-03,-0.08150463202653058
2017-11-06,-0.07362242020429899
2017-11-07,-0.09526330193249088
2017-11-08,0.06883862920775674
2017-11-09,-0.061683466989071234
2017-11-10,-0.05143094572836471
2017-11-13,0.04239721456837109
2017-11-14,0.07391457326609063
2017-11-15,0.0
2017-11-16,0.037873332135966775
2017-11-17,0.04035088037586676
2017-11-20,0.0
2017-11-21,0.021922278351215185
2017-11-22,-0.004455586363855346
2017-11-23,-0.026852241798470344
2017-11-24,0.04667011630539619
2017-11-27,-0.030268490424056882
2017-11-28,-0.013760846357995904
2017-11-29,-0.009698464745314217
2017-11-30,-0.02371134055845303
2017-12-01,0.024462782334016886
2017-12-04,-0.008761037475744304
2017-12-05,-0.003466180851729006
2017-12-06,0.01408670787602384
2017-12-07,0.10547101828142846
2017-12-08,0.0853245125887876
2017-12-11,-0.002858983569031248
2017-12-12,-0.0005734589644441623
2017-12-13,-0.013195526849547834
2017-12-14,0.005813797533746445
2017-12-15,0.00303442009722521
2017-12-18,-0.008932349315599164
2017-12-19,-0.02718403894330579
2017-12-20,0.046541544379422595
2017-12-21,0.03720151420292184
2017-12-22,0.009001788289713986
2017-12-25,0.0
2017-12-26,0.03609616890086209
2017-12-27,0.023976958889803113
2017-12-28,0.03777476497162402
2017-12-29,0.0
2018-01-02,-0.01146810672784615
2018-01-03,-0.01261060027542249
2018-01-04,0.024010156570018593
2018-01-05,-0.01970558540742251
2018-01-08,0.00012706613253943289
2018-01-09,-0.024042424838061516
2018-01-10,0.010166601319073099
2018-01-11,0.001806522049670356
2018-01-12,-0.0010303204066282046
2018-01-15,0.01727678779436248
2018-01-16,-0.002534766978533942
2018-01-17,0.0010165436270743733
2018-01-18,-0.01637505722727972
2018-01-19,-0.00954932340803194
2018-01-22,0.0032572424033738834
2018-01-23,-0.029091017389705875
2018-01-24,0.08333326281719033
2018-01-25,0.0
2018-01-26,0.02234888875067731
2018-01-29,0.021738854305534572
2018-01-30,0.0007094478355345046
2018-01-31,-0.0011813879833002527
2018-02-01,0.015373684130299825
2018-02-02,-0.02329357696770984
2018-02-05,-0.03851687944129134
2018-02-06,0.01252655835148353
2018-02-07,-0.03233692446306913
2018-02-08,-0.037974769703905564
2018-02-09,-0.027763338172277496
2018-02-15,0.07199894778309401
2018-02-16,-0.007574840181713949
2018-02-19,0.046431892102268835
2018-02-20,0.008874076704483924
2018-02-21,-0.04157101666911234
2018-02-22,0.02363574652401157
2018-02-23,0.06841046121332672
2018-02-26,0.08426303208451547
2018-02-27,-0.029898434293164966
2018-02-28,-0.004917971865944559
2018-03-01,0.012410844281336653
2018-03-02,0.0071598891792621355
2018-03-05,-0.026281788821877705
2018-03-06,-0.013495538721996603
2018-03-07,0.009531067032960694
2018-03-08,-0.019882242931879457
2018-03-09,0.02787860528022268
2018-03-12,0.020727797707784212
2018-03-13,-0.011125500614643014
2018-03-14,-0.02020755172489741
2018-03-15,0.014492738291544738
2018-03-16,0.01868132593869798
2018-03-19,-0.021575081616711622
2018-03-20,-0.00771761615635691
2018-03-21,0.033333412410117225
2018-03-22,0.02569859231431537
2018-03-23,-0.006184885363090142
2018-03-26,0.05485234496028979
2018-03-27,-0.03300016440062925
2018-03-28,0.003102476248544539
2018-03-29,0.009381278758067157
2018-04-02,0.00010232898178053063
2018-04-03,-0.009395455879038339
2018-04-04,-0.005154583706366567
2018-04-05,0.02269413534618292
2018-04-06,-0.005978234610733324
2018-04-09,-0.014984930672387264
2018-04-10,-0.017903208449589703
2018-04-11,0.020758617287637504
2018-04-12,0.02725321131652958
2018-04-13,-0.012662139796730254
2018-04-16,-0.021170528122726573
2018-04-17,0.011412236635079509
2018-04-18,-0.013402099738983764
2018-04-19,-0.013793046618875926
2018-04-20,0.026806317334451712
2018-04-23,0.030543973128425383
2018-04-24,0.012416058495024362
2018-04-25,0.0032637978855312166
2018-04-26,0.030165866555011522
2018-04-27,0.0076553892332831275
2018-04-30,0.013390131008304218
2018-05-02,-0.039452571005353265
2018-05-03,-0.051707319475072455
2018-05-04,0.005143947450491515
2018-05-07,-0.008700192612068447
2018-05-08,0.14599902307260204
2018-05-09,0.014776086846856273
2018-05-10,-0.02779001701045236
2018-05-11,-0.007762565331702054
2018-05-14,-0.00460200178549397
2018-05-15,-0.015533937398896525
2018-05-16,0.05391186510175561
2018-05-17,-0.02548798465346036
2018-05-18,-0.03895751649447188
2018-05-21,0.04224943515664292
2018-05-22,0.040811091252481724
2018-05-23,-0.018596615621406132
2018-05-24,0.00992120412002584
2018-05-25,-0.008761488395660377
2018-05-28,-0.06250022003152966
2018-05-29,-0.0048572083050127945
2018-05-30,0.03761149756716464
2018-06-01,0.06502466880837354
2018-06-04,0.07681657473127945
2018-06-05,-0.026700924868711007
2018-06-06,-0.055280299501176744
2018-06-07,-0.06936047865466388
2018-06-08,-0.008552752212322434
2018-06-11,0.006920318741480136
2018-06-12,0.03558654263191108
2018-06-13,0.02190890703656545
2018-06-14,0.06218324910494921
2018-06-15,0.003517494910635799
2018-06-18,-0.01702556912210995
2018-06-19,0.04992381217904396
2018-06-20,-0.015931032358522446
2018-06-21,-0.0006573014015625045
2018-06-22,0.009867367730544307
2018-06-25,-0.0004884000179794512
2018-06-26,0.008065172037944546
2018-06-27,-0.017860163196852463
2018-06-28,0.016621648997669602
2018-06-29,0.03593667562341629
2018-07-02,-0.020001457779208365
2018-07-03,-0.007175361540695868
2018-07-04,-0.001445532546424655
2018-07-05,-0.034981642297010174
2018-07-06,0.014166548487235309
2018-07-10,-0.029991810813329134
2018-07-11,-0.029987315707680318
2018-07-12,0.0773731052604214
2018-07-13,0.01840010370541023
2018-07-16,0.016714294618103143
2018-07-17,0.03334896032747792
2018-07-18,-0.03825758417575398
2018-07-19,0.015911755083009682
2018-07-20,0.01550753284780959
2018-07-23,-0.008780317214730049
2018-07-24,0.030349347524685655
2018-07-25,-0.005681691560767255
2018-07-26,-0.010902329598959537
2018-07-27,-0.013302736757044631
2018-07-30,0.0015406726273283766
2018-07-31,0.017384657483357824
2018-08-01,0.015121717375283561
2018-08-02,0.01929086998750562
2018-08-03,0.0008039789582479084
2018-08-06,0.0075936626968315935
2018-08-07,0.05724624281209012
2018-08-08,-0.04023348405782812
2018-08-09,0.049703963533344275
2018-08-10,-0.05415342151441205
2018-08-13,0.0141698331209128
2018-08-14,0.005957288685323858
2018-08-15,-0.022349253566376737
2018-08-16,-0.017090868435218787
2018-08-17,-0.019442553158006026
2018-08-20,0.03531611586096206
2018-08-21,-0.04285588741279278
2018-08-22,0.013591143654106075
2018-08-23,-0.010950540107510398
2018-08-24,-0.005799725521869026
2018-08-27,-0.004393838267178762
2018-08-28,-0.015827127807832908
2018-08-29,0.021416150855782634
2018-08-30,-0.03413795602286307
2018-08-31,0.02076781036980191
2018-09-03,-0.029097609505791433
2018-09-04,-0.06689864664557355
2018-09-05,0.03245748931874037
2018-09-06,0.027661607233593344
2018-09-10,-0.02667737440064244
2018-09-11,-0.022648853754019926
2018-09-12,0.002518929213738863
2018-09-13,-0.033249764924635494
2018-09-14,0.004938220830420059
2018-09-17,0.024913626963248392
2018-09-18,0.04659764049515358
2018-09-19,-0.04355857537330321
2018-09-20,-0.004369499486165385
2018-09-21,0.04650204728777885
2018-09-24,-0.021048377326548517
2018-09-25,0.01441639691615193
2018-09-26,-0.008039755747478838
2018-09-27,0.016536957130422136
2018-09-28,-0.01352992805682296
2018-10-01,0.0011430708116111354
2018-10-02,0.06336140449977212
2018-10-03,0.06855825816701921
2018-10-04,0.001148423492765005
2018-10-05,0.01792113074409496
2018-10-08,0.04605627933344114
2018-10-09,0.01117557605947228
2018-10-10,-0.04360877385861395
2018-10-11,0.049077562768781835
2018-10-15,-0.0046449033065344425
2018-10-16,0.06133341436566564
2018-10-17,0.016017356974615815
2018-10-18,-0.005378523330125007
2018-10-19,0.05047270986171881
2018-10-22,-0.011242815988036559
2018-10-23,0.011729414486347345
2018-10-24,-0.006269936397574116
2018-10-25,0.0013096279717759174
2018-10-26,-0.00844144337571473
2018-10-29,-0.0020982819731282243
2018-10-30,0.016942079691449452
2018-10-31,-0.0027767311033017883
2018-11-01,0.006694352766331679
2018-11-05,0.017830939508550525
2018-11-06,-0.0836031811817316
2018-11-07,-0.047949448840554076
2018-11-08,-0.022067750650314966
2018-11-09,-0.007928255492017033
2018-11-12,0.04877049507053921
2018-11-13,-0.0008469388834726477
2018-11-14,0.013623988286400879
2018-11-16,0.006430658791082289
2018-11-19,-0.002236480389376516
2018-11-21,-0.005827660748270125
2018-11-22,0.03066206975727037
2018-11-23,0.01468745043568287
2018-11-26,-0.02574675678569094
2018-11-27,0.06701661186017849
2018-11-28,0.007584175318591235
2018-11-29,0.006998051727262533
2018-11-30,-0.038600813645368826
2018-12-03,-0.015185746903515707
2018-12-04,0.016468481512636135
2018-12-05,0.0006674330566749376
2018-12-06,0.0025469679403962164
2018-12-07,-0.005927731812157555
2018-12-10,-0.023243034973041032
2018-12-11,0.024045091436132537
2018-12-12,0.021960207383889596
2018-12-13,-0.0029761882409490292
2018-12-14,0.01850759940181801
2018-12-17,-0.0031069457947188184
2018-12-18,0.034280044050310154
2018-12-19,0.006310539326952913
2018-12-20,0.005254050310826264
2018-12-21,0.027087644358975815
2018-12-26,-0.03282991552094272
2018-12-27,-0.0156143763439901
2018-12-28,0.04063194409509174
2019-01-02,0.030545437251411567
2019-01-03,-0.010699632025294337
2019-01-04,-0.030434635510067864
2019-01-07,0.015526727879827673
2019-01-08,-0.00805873678428859
2019-01-09,-0.0033385932403590113
2019-01-10,0.00971475640480457
2019-01-11,-0.017970701515375054
2019-01-14,0.007882865837796071
2019-01-15,-0.011340788530516344
2019-01-16,-0.01113181342335956
2019-01-17,-0.0029713939330132666
2019-01-18,-0.001604909095545004
2019-01-21,-0.041331588886388215
2019-01-22,-0.02964082938068302
2019-01-23,0.04659058609654099
2019-01-24,-0.01250018190424873
2019-01-28,-0.0005969710477489176
2019-01-29,0.06404591984370311
2019-01-30,-0.010948998207928495
2019-01-31,0.016576795520549137
2019-02-01,-0.0015076748851071686
2019-02-04,-0.009675857201186244
2019-02-05,-0.008866438254006792
2019-02-06,-0.033048416358576915
2019-02-07,-0.01708892531109074
2019-02-08,0.019184813423045455
2019-02-11,-0.027470829951556697
2019-02-12,-0.0032056618335788434
2019-02-13,-0.021237676713150466
2019-02-14,0.05821427506334387
2019-02-15,-0.039369573287994064
2019-02-18,0.0278709420109573
2019-02-19,0.006645143604552928
2019-02-20,-0.04220178963881904
2019-02-21,-0.008615365624597304
2019-02-22,0.10428301729742917
2019-02-25,-0.023608805628886675
2019-02-26,0.027633766123988268
2019-02-27,-0.014005629870246006
2019-02-28,-0.014431713434371551
2019-03-01,0.010146466626536732
2019-03-07,0.01101475093090487
2019-03-08,0.020716810738495184
2019-03-11,0.009678003806519175
2019-03-12,-0.02037569103778536
2019-03-13,-0.008778106460766821
2019-03-14,-0.004400033838228845
2019-03-15,0.0039094849230902895
2019-03-18,0.01822896057831014
2019-03-19,0.0015520705150429137
2019-03-20,0.005146440893834869
2019-03-21,0.0034135668683907827
2019-03-22,-0.04910829384154014
2019-03-25,-0.001096515895126382
2019-03-26,0.02010276137131406
2019-03-27,-0.04864354076143318
2019-03-28,0.016607118478079164
2019-03-29,0.012061569127846727
2019-04-01,-0.009025243506774028
2019-04-02,-0.030007582497517893
2019-04-03,0.017574401947398233
2019-04-04,-0.00041376388828706645
2019-04-05,0.00585778713426266
2019-04-08,-0.01911850519491931
2019-04-09,-0.0025791213545610647
2019-04-10,0.014370816676287701
2019-04-11,-0.01600472855755608
2019-04-12,-0.007048063579452202
2019-04-15,-0.00806907785278177
2019-04-16,-0.0026342693267806805
2019-04-17,-0.017701176174123145
2019-04-18,0.0687021687131506
2019-04-22,-0.021077376493139677
2019-04-23,0.022727526434288325
2019-04-24,0.008538035372240849
2019-04-25,0.014727966301777196
2019-04-26,0.02257126358188466
2019-04-29,-0.0024587935372462066
2019-04-30,0.0714247995444417
2019-05-02,-0.0027188556171545697
2019-05-03,0.028887470687932515
2019-05-06,0.020178311711582353
2019-05-07,-0.04025782935186528
2019-05-08,0.0070258844249235786
2019-05-09,-0.03927651280729416
2019-05-10,0.003227541779850851
2019-05-13,-0.03474529246503422
2019-05-14,-0.009832389092548688
2019-05-15,-0.029452800198229157
2019-05-16,-0.03468198816598944
2019-05-17,0.010898095444271894
2019-05-20,0.024760110675055236
2019-05-21,0.037051818402045855
2019-05-22,0.004682136299761552
2019-05-23,0.001109454036363422
2019-05-24,-0.01995012728936363
2019-05-27,0.0065027606645107205
2019-05-28,0.061797903299113166
2019-05-29,0.0014283804388228738
2019-05-30,0.019126107141634874
2019-05-31,0.01612332454763865
2019-06-03,-0.006428619271277469
2019-06-04,-0.0011295933069441766
2019-06-05,-0.01711908484054281
2019-06-06,-0.006171963433204475
2019-06-07,0.044418528554933445
2019-06-10,0.0204083648870248
2019-06-11,0.02316043444500604
2019-06-12,-0.019643834100330326
2019-06-13,0.0319515765444891
2019-06-14,0.009350694558244887
2019-06-17,-0.019237086345263443
2019-06-18,0.002891566337916762
2019-06-19,0.009130326576554548
2019-06-21,0.012618884850967182
2019-06-24,-0.012555674371474979
2019-06-25,-0.016525558751043667
2019-06-26,0.009394224141047625
2019-06-27,0.0009595129478567888
2019-06-28,0.01183793400921962
2019-07-01,-0.004357478945872351
2019-07-02,0.010751584151596827
2019-07-03,0.03948960492529685
2019-07-04,0.0011321914075321793
2019-07-05,0.022523729126172176
2019-07-08,0.014684918414653136
2019-07-10,0.01787282700448478
2019-07-11,-0.01169180305581008
2019-07-12,0.005546680636960621
2019-07-15,-0.006033160584918984
2019-07-16,0.014524319311298717
2019-07-17,0.04440158800878957
2019-07-18,0.010679594141536297
2019-07-19,-0.036234747564674485
2019-07-22,0.03906748998535581
2019-07-23,-0.021629259010595425
2019-07-24,0.015743677828811142
2019-07-25,-0.005410596269467383
2019-07-26,0.030759153486539903
2019-07-29,0.04682535533165533
2019-07-30,0.002843092767421229
2019-07-31,-0.0031374011921389
2019-08-01,0.04846059583530482
2019-08-02,0.025497143297982028
2019-08-05,-0.02662654173241341
2019-08-06,0.06086944464239652
2019-08-07,-0.007923418701740848
2019-08-08,0.0228585924067759
2019-08-09,0.017232088465733097
2019-08-12,-0.03599796033319258
2019-08-13,0.03926423896460718
2019-08-14,-0.0237780721553289
2019-08-15,-0.01732059107090078
2019-08-16,0.03442573929923909
2019-08-19,0.007188477222934475
2019-08-20,-0.034364295006695356
2019-08-21,0.000273826325197124
2019-08-22,-0.05774501203228999
2019-08-23,-0.018878847017641642
2019-08-26,-0.002368249713487258
2019-08-27,0.015133577112256491
2019-08-28,0.020461889746108186
2019-08-29,0.06731587236725844
2019-08-30,-0.026033292592294033
2019-09-02,0.008817798277629185
2019-09-03,-0.01993985771581419
2019-09-04,0.03678916571233226
2019-09-05,-0.013440721088488483
2019-09-06,-0.01907349757395682
2019-09-09,-0.04999999455394699
2019-09-10,-0.04970773040272247
2019-09-11,0.06461544624022109
2019-09-12,0.011560730980993306
2019-09-13,-0.02571428379371843
2019-09-16,0.022580467112291114
2019-09-17,-0.0005734990153246633
2019-09-18,0.006025870196256999
2019-09-19,0.02139189944118458
2019-09-20,0.020943979773348165
2019-09-23,-0.015590786393838707
2019-09-24,0.02167259670546451
2019-09-25,-0.0013597685738084841
2019-09-26,-0.004084966971289683
2019-09-27,0.006289293340164148
2019-09-30,0.006521696045874048
2019-10-01,0.011069121215880884
2019-10-02,-0.0253671204216549
2019-10-03,0.021917663410780275
2019-10-04,0.03967844815460597
2019-10-07,-0.00979895216702642
2019-10-08,-0.008516062045799133
2019-10-09,0.04342103393065799
2019-10-10,-0.01790661507173663
2019-10-11,0.04006146045774539
2019-10-14,0.041234619868393274
2019-10-15,-0.008774094491119322
2019-10-16,0.02296662159111662
2019-10-17,0.009588331708445752
2019-10-18,-0.003937757039592871
2019-10-21,0.0023255223414790915
2019-10-22,0.014385222233118666
2019-10-23,-0.0052607687584688145
2019-10-24,-0.00551851389239344
2019-10-25,-0.028901769671909272
2019-10-28,0.01595228413189642
2019-10-29,-0.03562203295329025
2019-10-30,0.06974461182381964
2019-10-31,0.014084578417497884
2019-11-01,0.05712356948007913
2019-11-04,-0.04704365739050198
2019-11-05,-0.020680597675817314
2019-11-06,0.026339682634190398
2019-11-07,-0.02212394054588729
2019-11-08,-0.008823492692069723
2019-11-11,0.02761936206827542
2019-11-12,-0.035983946244538156
2019-11-13,-0.020737431078426516
2019-11-14,0.04117648683865216
2019-11-18,0.016497172802726556
2019-11-19,-0.010226717158274834
2019-11-21,0.010781590833849997
2019-11-22,0.010888969886785338
2019-11-25,-0.026159800300169178
2019-11-26,-0.028442287199879734
2019-11-27,0.05947944742357514
2019-11-28,0.0
2019-11-29,-0.012499967815440827
2019-12-02,-0.0024428324027677695
2019-12-03,-0.007346356213416838
2019-12-04,-0.011661846219227723
2019-12-05,0.018606807268877867
2019-12-06,0.011361157594148352
2019-12-09,0.009911858576496346
2019-12-10,0.016357572876112947
2019-12-11,0.0210302017306363
2019-12-12,0.005254380967625316
2019-12-13,0.025925032529128922
2019-12-16,0.004687198546074356
2019-12-17,-0.02880313523212974
2019-12-18,0.013575382965523408
2019-12-19,0.0018545649175543133
2019-12-20,-0.0006170707892726446
2019-12-23,0.003087178459518114
2019-12-26,0.007180818368711428
2019-12-27,-0.007333395943109666
2019-12-30,-0.02113688054042795
2020-01-02,0.03494849704241054
2020-01-03,-0.008919627350109649
2020-01-06,0.0008181366529780298
2020-01-07,-0.002861217408484662
2020-01-08,0.03074412905153645
2020-01-09,0.03559348631509662
2020-01-10,-0.005376319459613699
2020-01-13,0.04691118039821407
2020-01-14,-0.0042412012003696375
2020-01-15,-0.0062963812428353805
2020-01-16,-0.003727123079455885
2020-01-17,0.016647932439152635
2020-01-20,0.030358807823944955
2020-01-21,-0.0016070906686713737
2020-01-22,-0.003934977224038239
2020-01-23,0.015981438717114216
2020-01-24,-0.007599887669160643
2020-01-27,-0.041852143700573774
2020-01-28,0.05929371202145095
2020-01-29,0.005264047077236489
2020-01-30,-0.013789589154054815
2020-01-31,-0.012389324423106807
2020-02-03,0.013082432352498508
2020-02-04,0.01998935884001818
2020-02-05,-0.006243496993144637
2020-02-06,-0.025654435825724797
2020-02-07,-0.028658406529190716
2020-02-10,-0.03411393127109408
2020-02-11,0.036082419578554736
2020-02-12,0.030772002314573
2020-02-13,0.019842674123247583
2020-02-14,-0.012620373319236045
2020-02-17,0.044736237377682064
2020-02-18,-0.010705034869743613
2020-02-19,-0.00618357652767898
2020-02-20,-0.02281355637560678
2020-02-21,-0.0015918107307022478
2020-02-27,-0.10983173574021277
2020-02-28,0.005373037360742794
2020-03-02,0.04018227358640791
2020-03-03,0.005708662633219896
2020-03-04,-0.007568493041717694
2020-03-05,-0.0888465400989763
2020-03-06,-0.051475086536337034
2020-03-09,-0.10964046269693395
2020-03-10,0.16427153707786957
2020-03-11,-0.08320914893755138
2020-03-12,-0.2107705987201245
2020-03-13,0.23529390790335136
2020-03-16,-0.18880944051858195
2020-03-17,0.0440269454152975
2020-03-18,-0.19004787508609988
2020-03-19,0.060395704820281226
2020-03-20,0.003273408216207807
2020-03-23,-0.01435573514888755
2020-03-24,0.21416773382602283
2020-03-25,0.09051235998277929
2020-03-26,0.02799997106077501
2020-03-27,-0.05155636500241323
2020-03-30,0.06666660650195966
2020-03-31,-0.06274022993260142
2020-04-01,-0.03872802071159398
2020-04-02,-0.04242270955797234
2020-04-03,-0.009751813428029998
2020-04-06,0.07484511779102565
2020-04-07,0.04947647213770345
2020-04-08,0.04664499666677924
2020-04-09,-0.007387935341003127
2020-04-13,0.0062424819846969015
2020-04-14,0.04146514773389476
2020-04-15,0.022144489981548388
2020-04-16,0.03922472684930223
2020-04-17,-0.021505347321371215
2020-04-20,0.0872391674806201
2020-04-22,0.0426980304975173
2020-04-23,-0.021364841526432254
2020-04-24,-0.04224796191197222
2020-04-27,0.04474468647113139
2020-04-28,0.046464645680296845
2020-04-29,-0.022779961772203206
2020-04-30,-0.018174528658268296
2020-05-04,0.035009961923349486
2020-05-05,-0.024105649282395114
2020-05-06,0.09860549326635804
2020-05-07,0.029737103133117726
2020-05-08,-0.022010979770430872
2020-05-11,-0.010622923817960372
2020-05-12,-0.002729764887676067
2020-05-13,0.005474403661114957
2020-05-14,0.007259579911639502
2020-05-15,-0.006666646351589978
2020-05-18,0.011246026178885371
2020-05-19,0.05076248769841962
2020-05-20,-0.028678708481116644
2020-05-21,0.02442873531919343
2020-05-22,-0.010979583590063902
2020-05-25,0.047701677828856814
2020-05-26,0.06754954783649691
2020-05-27,0.04466507068650194
2020-05-28,-0.03132425566161878
2020-05-29,-0.013793040072083707
2020-06-01,-0.010101029408075446
2020-06-02,-0.02982733136091531
2020-06-03,0.009385170774631524
2020-06-04,-0.03029822786600933
2020-06-05,-0.01719290709658894
2020-06-08,0.049285154932666275
2020-06-09,0.0
2020-06-10,0.03558834377730813
2020-06-12,-0.010061997886319451
2020-06-15,0.029710727988117025
2020-06-16,0.0022778548659028175
2020-06-17,0.018030355020915545
2020-06-18,0.037356762066138804
2020-06-19,0.024390155130165958
2020-06-22,-0.007002649572621977
2020-06-23,-0.009167967508606045
2020-06-24,-0.006405664587290527
2020-06-25,-0.0015759190667704592
2020-06-26,-0.0048787310798599215
2020-06-29,0.015284809944171807
2020-06-30,0.017611057467017632
2020-07-01,0.009072002441087967
2020-07-02,-0.03042874372314519
2020-07-03,0.027104093770160986
2020-07-06,-0.00013890721766596226
2020-07-07,0.03792202666556177
2020-07-08,0.026498720651372043
2020-07-09,0.03520212577445392
2020-07-10,0.00982371626059586
2020-07-13,0.00399106772447011
2020-07-14,0.0
2020-07-15,0.01242228076749563
2020-07-16,-0.016196288348621635
2020-07-17,0.022698951998367134
2020-07-20,0.06097559603674663
2020-07-21,-0.031034426695069395
2020-07-22,0.004151839374545885
2020-07-23,-0.050206819917192114
2020-07-24,-0.009079557905081304
2020-07-27,-0.004016616075013357
2020-07-28,0.013232517657307596
2020-07-29,-0.0023632092795070614
2020-07-30,0.03839928970284778
2020-07-31,-0.02987927841168836
2020-08-03,0.027842702634767846
2020-08-04,-0.0008476866798968752
2020-08-05,0.0060605712500656495
2020-08-06,0.03506028021556973
2020-08-07,-0.0030263700222649126
2020-08-10,-0.04343260806150995
2020-08-11,-0.011473273292938901
2020-08-12,-0.011482909167227162
2020-08-13,0.004871356959497364
2020-08-14,0.016283465027724375
2020-08-17,-0.0013453560351258664
2020-08-18,0.09614197987334827
2020-08-19,0.0022346240860675604
2020-08-20,-0.026198460091944598
2020-08-21,0.0
2020-08-24,-0.003090925588105753
2020-08-25,0.010564866473874446
2020-08-26,0.024431853958468697
2020-08-27,0.02029953812931984
2020-08-28,0.028267019157551587
2020-08-31,-0.01437932760443339
2020-09-01,0.022634628668173784
2020-09-02,-0.019091562937017192
2020-09-03,-0.053577224336344154
2020-09-04,0.003050760980312761
2020-09-08,-0.012166100776152211
2020-09-09,0.040027189786206785
2020-09-10,-0.03234639341136836
2020-09-11,-0.0077054076767933966
2020-09-14,0.031175126927477148
2020-09-15,-0.007973477602895351
2020-09-16,-0.004576939596000695
2020-09-17,-0.023214056589534238
2020-09-18,0.0006889120953956773
2020-09-21,0.017668588785767936
2020-09-22,0.008906409971622287
2020-09-23,-0.033634903524128346
2020-09-24,0.032608612077886345
2020-09-25,0.014893600086065772
2020-09-28,-0.03486697739106026
2020-09-29,0.00011428929924495179
2020-09-30,0.019661541389010218
2020-10-01,0.03026914417058224
2020-10-02,-0.041893288279990504
2020-10-05,0.023736410020755105
2020-10-06,-0.009318818024611653
2020-10-07,-0.004031383218138118
2020-10-08,0.032943610092518893
2020-10-09,0.06835738423372373
2020-10-13,0.059602699544362814
2020-10-14,-0.01230768054941711
2020-10-15,-0.006619959193337022
2020-10-16,0.011368070832200372
2020-10-19,-0.004263571201898242
2020-10-20,0.013623974959083851
2020-10-21,0.006912417712108265
2020-10-22,-0.004576545644451424
2020-10-23,-0.006896599687769345
2020-10-26,-0.01736115897534407
2020-10-27,-0.000785143047046688
2020-10-28,-0.03222013832408788
2020-10-29,0.029638731989545697
2020-10-30,-0.02878556436224533
2020-11-03,0.01461634716607585
2020-11-04,0.04801923962528476
2020-11-05,0.04811001076321042
2020-11-06,-0.0043716847361344735
2020-11-09,-0.032198949768273644
2020-11-10,-0.04650294243597752
2020-11-11,0.014274410582327146
2020-11-12,-0.003909281892792826
2020-11-13,-0.014913587549546192
2020-11-16,-0.00996017786287462
2020-11-17,-0.004829084397755423
2020-11-18,-0.007682901784672569
2020-11-19,0.004074878411576721
2020-11-23,-0.049512925392048435
2020-11-24,0.011955623329088949
2020-11-25,0.012658236012261792
2020-11-26,0.010416686569997058
2020-11-27,-0.002474244089750055
2020-11-30,-0.03348498765930996
2020-12-01,-0.021385760609521243
2020-12-02,0.007430010910644214
2020-12-03,0.010846008742393165
2020-12-04,0.015450753163942954
2020-12-07,0.0059170125841805365
2020-12-08,0.04831945759959955
2020-12-09,-0.038877823222358665
2020-12-10,-0.024186860430761348
2020-12-11,-0.01752130146481179
2020-12-14,0.04610702274703993
2020-12-15,0.023284880764732785
2020-12-16,0.014221778880748381
2020-12-17,-0.01682688848163616
2020-12-18,-0.0008149756823153664
2020-12-21,0.01957583737562496
2020-12-22,0.006399993885696897
2020-12-23,-0.007551671640537383
2020-12-28,0.011213483789184409
2020-12-29,0.0011881271133316051
2020-12-30,-0.012025894181654562
2021-01-04,0.010020038240426299
2021-01-05,-0.01746035064310625
2021-01-06,-0.05250407725460848
2021-01-07,-0.012787689867359453
2021-01-08,0.02936092676016422
2021-01-11,-0.014681222561979346
2021-01-12,0.030225732533762262
2021-01-13,-0.007438059289939236
2021-01-14,-0.012073324543525388
2021-01-15,0.009692384489546457
2021-01-18,0.020450835137905576
2021-01-19,-0.015133002689477149
2021-01-20,0.055647856727162104
2021-01-21,0.002753694826518327
2021-01-22,0.019615533917769268
2021-01-26,-0.009234252594487402
2021-01-27,0.001553374107797545
2021-01-28,0.015509870822743244
2021-01-29,-0.0351278813907171
2021-02-01,-0.01345470863439413
2021-02-02,0.014841557647682802
2021-02-03,0.013834005513745362
2021-02-04,-0.013255379684336654
2021-02-05,0.02133548937328067
2021-02-08,0.011992225665405254
2021-02-09,0.003058056894947203
2021-02-10,-0.03582313009193705
2021-02-11,0.013834005513745362
2021-02-12,0.010136444930817667
2021-02-18,-0.03357776789320055
2021-02-19,-0.003993624957674746
2021-02-22,-0.027666356427585637
2021-02-23,0.025154644660655423
2021-02-24,-0.00884965128791404
2021-02-25,-0.023944747787877252
2021-02-26,0.005405401544398281
2021-03-01,0.01530190367187756
2021-03-02,-0.011405275237186152
2021-03-03,0.0350226723833722
2021-03-04,0.01273880897720936
2021-03-05,-0.012185572253041177
2021-03-08,-0.08077992017049618
2021-03-09,0.012554084868003246
2021-03-10,0.06455757364673631
2021-03-11,-0.0040160790340683095
2021-03-12,-0.009274204720724821
2021-03-15,-0.03459504626208232
2021-03-16,0.018128205142648346
2021-03-17,-0.00869567622850409
2021-03-18,-0.06933998620195769
2021-03-19,0.00044882611282148765
2021-03-22,-0.01704799771123444
2021-03-23,-0.018256483720547778
2021-03-24,-0.052998585621792604
2021-03-25,-0.003436560392383492
2021-03-26,-0.015763493254042915
2021-03-29,-0.01651654907776634
2021-03-30,0.02086511112948064
2021-03-31,0.00897313359839269
2021-04-01,0.009881459640458612
2021-04-05,-0.0009784585048335792
2021-04-06,0.008814844885631778
2021-04-07,-0.02038831389113893
2021-04-08,0.08275515690995427
2021-04-09,-0.008237946969750554
2021-04-12,-0.0009230087884459781
2021-04-13,0.025404208149994334
2021-04-14,-0.0036035481433327465
2021-04-15,0.0036165806658763344
2021-04-16,-0.012612590459487594
2021-04-19,-0.012317589633984105
2021-04-20,-0.0023094333940277822
2021-04-22,-0.020833366471039283
2021-04-23,0.02742319835785878
2021-04-26,-0.0009203724144061232
2021-04-27,-0.0350068981621664
2021-04-28,-0.014319861908035803
2021-04-29,-0.018886186058751364
2021-04-30,-0.011352338436820153
2021-05-03,0.007488746535003976
2021-05-04,-0.021308275789988396
2021-05-05,0.00759491664592038
2021-05-06,-0.02211059710697627
2021-05-07,0.02209666266153354
2021-05-10,-0.034690746565602115
2021-05-11,0.006250003106659907
2021-05-12,-0.03778468952086489
2021-05-13,0.029047838528064807
2021-05-14,0.0010454622418809567
2021-05-17,-0.015143570030377251
2021-05-18,0.0058324611123716785
2021-05-19,-0.015287261624850945
2021-05-20,0.0032119418760523377
2021-05-21,-0.01120590602785465
2021-05-24,0.07933072222679471
2021-05-25,0.0010000800713025892
2021-05-26,-0.01748253348384543
2021-05-27,-0.0040671415562830715
2021-05-28,0.03369062701597003
2021-05-31,-0.004444470417860558
2021-06-01,0.009424647978135914
2021-06-02,0.007370987782334026
2021-06-04,0.017073187763818165
2021-06-07,-0.0023981361988661964
2021-06-08,0.01201923010745709
2021-06-09,-0.03705451737462939
2021-06-10,0.0004933322924922656
2021-06-11,0.004930890357478734
2021-06-14,0.010304248867170518
2021-06-15,0.014570140889254013
2021-06-16,-0.027764511273716264
2021-06-17,0.0492369207219312
2021-06-18,-0.011262323792749496
2021-06-21,0.009492203958367362
2021-06-22,-0.014104423869466753
2021-06-23,-0.01859798411702085
2021-06-24,0.051992166965249886
2021-06-25,-0.012009229975220026
2021-06-28,0.00654519255214403
2021-06-29,0.0065025429218632524
2021-06-30,-0.023996378782583205
2021-07-01,-0.02174934604497658
2021-07-02,0.045915839780184875
2021-07-05,-0.012014779441792967
2021-07-06,-0.013784829670228649
2021-07-07,0.0446132201078544
2021-07-08,-0.004089057321761902
2021-07-12,0.008211692725788255
2021-07-13,0.017647030901204896
2021-07-14,0.019564274723678166
2021-07-15,0.03445263836304413
2021-07-16,0.007588545969073435
2021-07-19,-0.0326359327090584
2021-07-20,0.010813148396420669
2021-07-21,-0.0004279087942969939
2021-07-22,-0.00470893011461726
2021-07-23,-0.02795697284001175
2021-07-26,-0.02477873701283384
2021-07-27,-0.026769515793088283
2021-07-28,0.003729600040121017
2021-07-29,0.00882483142821422
2021-07-30,-0.051565329985813424
2021-08-02,0.0014562513952116607
2021-08-03,-0.009694564407504713
2021-08-04,-0.023005443645737644
2021-08-05,0.025050101349401332
2021-08-06,0.010752748316107619
2021-08-09,-0.009187646579002395
2021-08-10,-0.004392394026023871
2021-08-11,0.025000011687185575
2021-08-12,0.002869414939274062
2021-08-13,-0.033380967024878916
2021-08-16,-0.041933910324317036
2021-08-17,-0.005664295052492885
2021-08-18,-0.024339685466249983
2021-08-19,0.005838673538251182
2021-08-20,-0.0047493482303127
2021-08-23,-0.03658539298662067
